{"train_loss": [1.527604767100304, 1.4140231814319733, 1.0934558626753172, 1.210153006860034, 1.1588456226150374, 0.9883677751769847, 1.043993404008684, 1.017529544247761, 0.848116259499373, 0.8715532740316779, 0.9232924030377314, 0.9543088291565217, 0.9175864307049713, 0.9745244381114908, 1.0378886650050927, 0.8081073032784786, 0.9190570045919979, 1.0199145742131575, 0.9884369049676404, 1.0187246518976547, 0.8868787855044749, 1.054953117715827, 0.8839564172390899, 0.7384067900579979, 1.032841429451472], "val_loss": [1.1372270288442243, 1.1712630166227396, 0.9499809524943772, 0.8991389101602156, 0.7633843151434745, 0.6904215457256991, 0.6291886637267462, 0.5648552934223869, 0.5714086121179183, 0.5712523180450801, 0.5734742560613124, 0.5654548843806526, 0.5719613097902967, 0.55377243455293, 0.5636629297110525, 0.5686666218460708, 0.5763411517193575, 0.5607571551541854, 0.5571842618227634, 0.5658230570815799, 0.5659479314859436, 0.5657136839738307, 0.5770819004733204, 0.5700763825690841, 0.5648947691539976], "train_acc": [0.5296343446317302, 0.5573227481065293, 0.7270501296444716, 0.6473703729620887, 0.640181573807384, 0.7825884926912472, 0.7140291578629437, 0.7027992749106291, 0.8312430554385638, 0.8188676941988156, 0.8002222220822157, 0.7566916759197528, 0.8035902847531694, 0.7281227500190562, 0.7111744298115036, 0.8512488101941967, 0.7937641489020301, 0.7041231852311355, 0.7241632280306579, 0.7023151719192574, 0.8104806140537175, 0.6953228350678181, 0.8118122400741232, 0.8902404987973864, 0.6909076401550845], "val_acc": [0.7097625329815304, 0.6807387862796834, 0.7968337730870713, 0.7941952506596306, 0.8759894459102903, 0.8839050131926122, 0.9234828496042217, 0.941952506596306, 0.9393139841688655, 0.9445910290237467, 0.941952506596306, 0.9366754617414248, 0.9472295514511874, 0.9445910290237467, 0.9366754617414248, 0.941952506596306, 0.9498680738786279, 0.941952506596306, 0.9445910290237467, 0.9313984168865436, 0.9472295514511874, 0.9393139841688655, 0.941952506596306, 0.9366754617414248, 0.9340369393139841], "lr": [0.0009755527298894294, 0.0009046039886902864, 0.0007940987335200904, 0.0006548539886902864, 0.0005005000000000001, 0.0003461460113097139, 0.00020690126647990973, 9.639601130971382e-05, 2.5447270110570814e-05, 0.001, 0.0009938503261272714, 0.0009755527298894294, 0.0009455577588320898, 0.0009046039886902864, 0.0008536998372026805, 0.0007940987335200904, 0.0007272682546199037, 0.0006548539886902864, 0.0005786390152875954, 0.0005005000000000001, 0.00042236098471240487, 0.0003461460113097139, 0.00027373174538009644, 0.00020690126647990973, 0.00014730016279731955]}